lat,long,RouteName
37.96845,-87.66378,West_Connection_Stops
37.97643,-87.64444,West_Connection_Stops
37.96563,-87.66881,West_Connection_Stops
37.96568,-87.6647,West_Connection_Stops
37.96305,-87.67536,West_Connection_Stops
37.96064,-87.67639,West_Connection_Stops
37.96555,-87.67124,West_Connection_Stops
37.96166,-87.67911,West_Connection_Stops
37.96545,-87.67756,West_Connection_Stops
37.97694,-87.62866,West_Connection_Stops
37.98169,-87.63799,West_Connection_Stops
37.97694,-87.62866,West_Connection_Stops
37.97457,-87.63912,West_Connection_Stops
37.97273,-87.56912,Washington_Stops
37.9701,-87.56701,Washington_Stops
37.96935,-87.56639,Washington_Stops
37.96769,-87.565,Washington_Stops
37.96807,-87.5639,Washington_Stops
37.96605,-87.56268,Washington_Stops
37.96482,-87.56268,Washington_Stops
37.96373,-87.56268,Washington_Stops
37.96287,-87.56131,Washington_Stops
37.96282,-87.55957,Washington_Stops
37.96285,-87.55512,Washington_Stops
37.96277,-87.55256,Washington_Stops
37.96274,-87.54897,Washington_Stops
37.96274,-87.5473,Washington_Stops
37.96271,-87.54568,Washington_Stops
37.96268,-87.5434,Washington_Stops
37.96265,-87.5409,Washington_Stops
37.96265,-87.53866,Washington_Stops
37.96266,-87.5338,Washington_Stops
37.96259,-87.53163,Washington_Stops
37.96265,-87.5298,Washington_Stops
37.96261,-87.52822,Washington_Stops
37.96264,-87.52477,Washington_Stops
37.96261,-87.52174,Washington_Stops
37.96257,-87.52052,Washington_Stops
37.96254,-87.51764,Washington_Stops
37.96247,-87.51499,Washington_Stops
37.96244,-87.51351,Washington_Stops
37.9624,-87.51133,Washington_Stops
37.96238,-87.5093,Washington_Stops
37.96234,-87.50807,Washington_Stops
37.96235,-87.5059,Washington_Stops
37.96361,-87.50425,Washington_Stops
37.96456,-87.5055,Washington_Stops
37.96759,-87.50567,Washington_Stops
37.96745,-87.50431,Washington_Stops
37.96716,-87.50308,Washington_Stops
37.9672,-87.49547,Washington_Stops
37.96501,-87.49542,Washington_Stops
37.96403,-87.49513,Washington_Stops
37.96397,-87.49286,Washington_Stops
37.96462,-87.49114,Washington_Stops
37.96537,-87.49116,Washington_Stops
37.9664,-87.49246,Washington_Stops
37.96251,-87.4928,Washington_Stops
37.96248,-87.49435,Washington_Stops
37.96247,-87.4962,Washington_Stops
37.96245,-87.4984,Washington_Stops
37.96247,-87.49976,Washington_Stops
37.96244,-87.50196,Washington_Stops
37.96422,-87.50352,Washington_Stops
37.96246,-87.50617,Washington_Stops
37.96255,-87.50436,Washington_Stops
37.96248,-87.50782,Washington_Stops
37.96252,-87.5092,Washington_Stops
37.96253,-87.51107,Washington_Stops
37.96257,-87.51341,Washington_Stops
37.96266,-87.5152,Washington_Stops
37.96267,-87.51727,Washington_Stops
37.96278,-87.52022,Washington_Stops
37.96274,-87.52459,Washington_Stops
37.96277,-87.52797,Washington_Stops
37.96279,-87.52954,Washington_Stops
37.96281,-87.53391,Washington_Stops
37.96281,-87.53848,Washington_Stops
37.96291,-87.53961,Washington_Stops
37.96283,-87.54099,Washington_Stops
37.96286,-87.5437,Washington_Stops
37.96289,-87.54537,Washington_Stops
37.9629,-87.54766,Washington_Stops
37.9629,-87.54867,Washington_Stops
37.96295,-87.55249,Washington_Stops
37.96295,-87.5549,Washington_Stops
37.96299,-87.55674,Washington_Stops
37.96303,-87.55904,Washington_Stops
37.96302,-87.56145,Washington_Stops
37.96299,-87.56242,Washington_Stops
37.96465,-87.56253,Washington_Stops
37.96587,-87.56249,Washington_Stops
37.96802,-87.56439,Washington_Stops
37.96847,-87.56538,Washington_Stops
37.97413,-87.56964,Washington_Stops
37.96361,-87.50425,Washington_Stops
37.96289,-87.55699,Washington_Stops
37.97413,-87.56964,Washington_Stops
37.98364,-87.49605,Walnut_Stops
37.99154,-87.52163,Walnut_Stops
37.99142,-87.51439,Walnut_Stops
37.98765,-87.50037,Walnut_Stops
37.98761,-87.49825,Walnut_Stops
37.97369,-87.56152,Walnut_Stops
37.97362,-87.55798,Walnut_Stops
37.97347,-87.55485,Walnut_Stops
37.97353,-87.55039,Walnut_Stops
37.97351,-87.5479,Walnut_Stops
37.97349,-87.54493,Walnut_Stops
37.97348,-87.54161,Walnut_Stops
37.97346,-87.53761,Walnut_Stops
37.97337,-87.5314,Walnut_Stops
37.97777,-87.52927,Walnut_Stops
37.97932,-87.53025,Walnut_Stops
37.97942,-87.5339,Walnut_Stops
37.98113,-87.53392,Walnut_Stops
37.98038,-87.532,Walnut_Stops
37.98025,-87.52956,Walnut_Stops
37.98022,-87.52526,Walnut_Stops
37.98021,-87.52154,Walnut_Stops
37.98094,-87.52006,Walnut_Stops
37.98287,-87.52004,Walnut_Stops
37.98804,-87.52068,Walnut_Stops
37.98816,-87.52916,Walnut_Stops
37.98119,-87.49934,Walnut_Stops
37.97744,-87.50257,Walnut_Stops
37.97706,-87.50599,Walnut_Stops
37.97362,-87.51105,Walnut_Stops
37.97357,-87.52011,Walnut_Stops
37.97357,-87.52235,Walnut_Stops
37.97364,-87.5247,Walnut_Stops
37.97362,-87.52923,Walnut_Stops
37.97362,-87.53118,Walnut_Stops
37.97356,-87.53401,Walnut_Stops
37.97342,-87.53414,Walnut_Stops
37.97359,-87.53728,Walnut_Stops
37.97358,-87.53918,Walnut_Stops
37.9736,-87.54115,Walnut_Stops
37.97368,-87.54757,Walnut_Stops
37.97371,-87.55012,Walnut_Stops
37.97367,-87.55249,Walnut_Stops
37.97369,-87.55429,Walnut_Stops
37.97377,-87.55656,Walnut_Stops
37.97378,-87.55784,Walnut_Stops
37.97387,-87.56114,Walnut_Stops
37.97385,-87.56232,Walnut_Stops
37.97145,-87.56641,Walnut_Stops
37.97413,-87.56964,Walnut_Stops
37.97413,-87.56964,Walnut_Stops
37.96571,-87.67118,USI_Shuttle_Stops
37.96571,-87.66848,USI_Shuttle_Stops
37.96578,-87.66467,USI_Shuttle_Stops
37.96736,-87.66781,USI_Shuttle_Stops
37.96305,-87.67536,USI_Shuttle_Stops
37.96064,-87.67639,USI_Shuttle_Stops
37.96691,-87.67104,USI_Shuttle_Stops
37.96687,-87.6641,USI_Shuttle_Stops
37.96555,-87.67124,USI_Shuttle_Stops
37.96166,-87.67911,USI_Shuttle_Stops
37.96545,-87.67756,USI_Shuttle_Stops
37.97568,-87.56231,Stringtown_Stops
37.97497,-87.56643,Stringtown_Stops
37.99324,-87.56109,Stringtown_Stops
38.02078,-87.57521,Stringtown_Stops
37.97627,-87.56433,Stringtown_Stops
37.97553,-87.56509,Stringtown_Stops
37.97735,-87.56384,Stringtown_Stops
37.9769,-87.56406,Stringtown_Stops
37.97993,-87.56381,Stringtown_Stops
37.98004,-87.56133,Stringtown_Stops
37.98002,-87.559,Stringtown_Stops
37.98034,-87.55661,Stringtown_Stops
37.98181,-87.5566,Stringtown_Stops
37.9829,-87.5566,Stringtown_Stops
37.98461,-87.55659,Stringtown_Stops
37.98574,-87.55659,Stringtown_Stops
37.99025,-87.5566,Stringtown_Stops
37.99135,-87.55656,Stringtown_Stops
37.99279,-87.55656,Stringtown_Stops
37.99474,-87.55584,Stringtown_Stops
37.99655,-87.55497,Stringtown_Stops
37.99835,-87.55414,Stringtown_Stops
38.00022,-87.55576,Stringtown_Stops
38.00016,-87.55718,Stringtown_Stops
38.00036,-87.55192,Stringtown_Stops
38.00035,-87.54958,Stringtown_Stops
38.001,-87.54712,Stringtown_Stops
38.00283,-87.54704,Stringtown_Stops
38.00493,-87.547,Stringtown_Stops
38.00617,-87.5492,Stringtown_Stops
38.00617,-87.55432,Stringtown_Stops
38.0072,-87.55459,Stringtown_Stops
38.01097,-87.55662,Stringtown_Stops
38.01208,-87.54106,Stringtown_Stops
38.02104,-87.54765,Stringtown_Stops
38.02114,-87.55572,Stringtown_Stops
38.02127,-87.56579,Stringtown_Stops
38.02145,-87.57277,Stringtown_Stops
38.01413,-87.57329,Stringtown_Stops
38.01408,-87.57156,Stringtown_Stops
38.01403,-87.56944,Stringtown_Stops
38.01356,-87.56051,Stringtown_Stops
37.99862,-87.55422,Stringtown_Stops
37.99858,-87.55686,Stringtown_Stops
37.99862,-87.5607,Stringtown_Stops
37.99933,-87.56063,Stringtown_Stops
37.99671,-87.55504,Stringtown_Stops
37.99492,-87.55584,Stringtown_Stops
37.99391,-87.5597,Stringtown_Stops
37.98959,-87.56109,Stringtown_Stops
37.98854,-87.56112,Stringtown_Stops
37.98762,-87.56116,Stringtown_Stops
37.98586,-87.56119,Stringtown_Stops
37.98484,-87.56121,Stringtown_Stops
37.98392,-87.56123,Stringtown_Stops
37.98293,-87.56127,Stringtown_Stops
37.98217,-87.56123,Stringtown_Stops
37.98109,-87.56129,Stringtown_Stops
37.98017,-87.56126,Stringtown_Stops
37.97927,-87.56127,Stringtown_Stops
38.02802,-87.54067,Stringtown_Stops
37.97413,-87.56964,Stringtown_Stops
38.00876,-87.55555,Stringtown_Stops
37.97413,-87.56964,Stringtown_Stops
37.98364,-87.49605,Shopper_Shuttle_Stops
37.96462,-87.49114,Shopper_Shuttle_Stops
37.96537,-87.49116,Shopper_Shuttle_Stops
37.96226,-87.49037,Shopper_Shuttle_Stops
37.96226,-87.48826,Shopper_Shuttle_Stops
37.97176,-87.45952,Shopper_Shuttle_Stops
37.97311,-87.45942,Shopper_Shuttle_Stops
37.97545,-87.4595,Shopper_Shuttle_Stops
37.9757,-87.46063,Shopper_Shuttle_Stops
37.98218,-87.47416,Shopper_Shuttle_Stops
37.96244,-87.48912,Shopper_Shuttle_Stops
37.96314,-87.49119,Shopper_Shuttle_Stops
37.96932,-87.47622,Shopper_Shuttle_Stops
37.9693,-87.46754,Shopper_Shuttle_Stops
37.96935,-87.46325,Shopper_Shuttle_Stops
37.98051,-87.44268,Shopper_Shuttle_Stops
37.98055,-87.44992,Shopper_Shuttle_Stops
37.98029,-87.4502,Shopper_Shuttle_Stops
37.97959,-87.47393,Shopper_Shuttle_Stops
37.98154,-87.47556,Shopper_Shuttle_Stops
37.98134,-87.4786,Shopper_Shuttle_Stops
37.98134,-87.48004,Shopper_Shuttle_Stops
37.98136,-87.48359,Shopper_Shuttle_Stops
37.98127,-87.48794,Shopper_Shuttle_Stops
37.98124,-87.48945,Shopper_Shuttle_Stops
37.98757,-87.48313,Shopper_Shuttle_Stops
37.98761,-87.48092,Shopper_Shuttle_Stops
37.98755,-87.47717,Shopper_Shuttle_Stops
37.9856,-87.47515,Shopper_Shuttle_Stops
37.98402,-87.47512,Shopper_Shuttle_Stops
37.97928,-87.47421,Shopper_Shuttle_Stops
37.97475,-87.47433,Shopper_Shuttle_Stops
37.96949,-87.47438,Shopper_Shuttle_Stops
37.9693,-87.48363,Shopper_Shuttle_Stops
37.96808,-87.48695,Shopper_Shuttle_Stops
37.96241,-87.48704,Shopper_Shuttle_Stops
37.96776,-87.48687,Shopper_Shuttle_Stops
37.96303,-87.48689,Shopper_Shuttle_Stops
37.9664,-87.49246,Shopper_Shuttle_Stops
37.9664,-87.49246,Shopper_Shuttle_Stops
37.97497,-87.56643,Stringtown_First_Stops
37.97845,-87.56388,Stringtown_First_Stops
37.97347,-87.57429,Stringtown_First_Stops
38.0308,-87.57426,Stringtown_First_Stops
38.03087,-87.57699,Stringtown_First_Stops
38.02723,-87.57404,Stringtown_First_Stops
38.02526,-87.574,Stringtown_First_Stops
38.02378,-87.57406,Stringtown_First_Stops
38.02078,-87.57521,Stringtown_First_Stops
38.01328,-87.57562,Stringtown_First_Stops
38.01216,-87.57427,Stringtown_First_Stops
38.01016,-87.57434,Stringtown_First_Stops
38.00708,-87.57444,Stringtown_First_Stops
38.00717,-87.579,Stringtown_First_Stops
38.00727,-87.58137,Stringtown_First_Stops
38.00528,-87.58149,Stringtown_First_Stops
38.00432,-87.57864,Stringtown_First_Stops
38.00425,-87.57705,Stringtown_First_Stops
38.00601,-87.57681,Stringtown_First_Stops
38.00693,-87.57678,Stringtown_First_Stops
38.00528,-87.57452,Stringtown_First_Stops
38.00338,-87.5745,Stringtown_First_Stops
37.99386,-87.57479,Stringtown_First_Stops
37.99097,-87.57492,Stringtown_First_Stops
37.98859,-87.57489,Stringtown_First_Stops
37.98703,-87.57498,Stringtown_First_Stops
37.98501,-87.57506,Stringtown_First_Stops
37.98331,-87.57508,Stringtown_First_Stops
37.97873,-87.57519,Stringtown_First_Stops
37.97627,-87.56433,Stringtown_First_Stops
37.97553,-87.56509,Stringtown_First_Stops
37.97735,-87.56384,Stringtown_First_Stops
37.9769,-87.56406,Stringtown_First_Stops
37.97993,-87.56381,Stringtown_First_Stops
37.98004,-87.56133,Stringtown_First_Stops
37.98002,-87.559,Stringtown_First_Stops
37.98034,-87.55661,Stringtown_First_Stops
37.98181,-87.5566,Stringtown_First_Stops
37.9829,-87.5566,Stringtown_First_Stops
37.98461,-87.55659,Stringtown_First_Stops
37.98574,-87.55659,Stringtown_First_Stops
37.98735,-87.55658,Stringtown_First_Stops
37.99025,-87.5566,Stringtown_First_Stops
37.99135,-87.55656,Stringtown_First_Stops
37.99279,-87.55656,Stringtown_First_Stops
37.99474,-87.55584,Stringtown_First_Stops
37.99655,-87.55497,Stringtown_First_Stops
37.99835,-87.55414,Stringtown_First_Stops
38.00022,-87.55576,Stringtown_First_Stops
38.00016,-87.55718,Stringtown_First_Stops
38.00036,-87.55192,Stringtown_First_Stops
38.00035,-87.54958,Stringtown_First_Stops
38.001,-87.54712,Stringtown_First_Stops
38.00283,-87.54704,Stringtown_First_Stops
38.00493,-87.547,Stringtown_First_Stops
38.00617,-87.5492,Stringtown_First_Stops
38.00616,-87.55258,Stringtown_First_Stops
38.00617,-87.55432,Stringtown_First_Stops
38.0072,-87.55459,Stringtown_First_Stops
38.01097,-87.55662,Stringtown_First_Stops
38.02091,-87.56213,Stringtown_First_Stops
38.03399,-87.56254,Stringtown_First_Stops
38.03562,-87.56418,Stringtown_First_Stops
38.03853,-87.57363,Stringtown_First_Stops
38.03532,-87.57365,Stringtown_First_Stops
38.03347,-87.57382,Stringtown_First_Stops
37.97413,-87.56964,Stringtown_First_Stops
38.00325,-87.57771,Stringtown_First_Stops
37.97413,-87.56964,Stringtown_First_Stops
37.96397,-87.49286,Riverside_B_Stops
37.96462,-87.49114,Riverside_B_Stops
37.96537,-87.49116,Riverside_B_Stops
37.9664,-87.49246,Riverside_B_Stops
37.96251,-87.4928,Riverside_B_Stops
37.96314,-87.49119,Riverside_B_Stops
37.96105,-87.49285,Riverside_B_Stops
37.95778,-87.49292,Riverside_B_Stops
37.95463,-87.49291,Riverside_B_Stops
37.95128,-87.49299,Riverside_B_Stops
37.94925,-87.49307,Riverside_B_Stops
37.9451,-87.51131,Riverside_B_Stops
37.94874,-87.53881,Riverside_B_Stops
37.95,-87.54072,Riverside_B_Stops
37.9527,-87.54467,Riverside_B_Stops
37.95359,-87.54795,Riverside_B_Stops
37.9537,-87.55008,Riverside_B_Stops
37.95375,-87.55251,Riverside_B_Stops
37.9541,-87.55534,Riverside_B_Stops
37.95549,-87.5595,Riverside_B_Stops
37.95576,-87.5613,Riverside_B_Stops
37.95725,-87.56255,Riverside_B_Stops
37.95874,-87.56431,Riverside_B_Stops
37.96041,-87.56534,Riverside_B_Stops
37.96199,-87.56629,Riverside_B_Stops
37.96318,-87.56729,Riverside_B_Stops
37.96542,-87.56911,Riverside_B_Stops
37.96853,-87.57156,Riverside_B_Stops
37.97184,-87.57424,Riverside_B_Stops
37.96926,-87.5724,Riverside_B_Stops
37.96689,-87.57046,Riverside_B_Stops
37.96547,-87.56931,Riverside_B_Stops
37.96272,-87.56707,Riverside_B_Stops
37.96112,-87.56593,Riverside_B_Stops
37.95926,-87.56482,Riverside_B_Stops
37.95729,-87.56272,Riverside_B_Stops
37.95579,-87.56269,Riverside_B_Stops
37.95561,-87.56112,Riverside_B_Stops
37.95552,-87.55986,Riverside_B_Stops
37.95439,-87.55722,Riverside_B_Stops
37.95391,-87.55497,Riverside_B_Stops
37.95362,-87.55272,Riverside_B_Stops
37.95355,-87.55035,Riverside_B_Stops
37.95327,-87.54713,Riverside_B_Stops
37.94998,-87.54097,Riverside_B_Stops
37.94872,-87.53909,Riverside_B_Stops
37.94793,-87.53787,Riverside_B_Stops
37.94645,-87.53572,Riverside_B_Stops
37.94567,-87.53451,Riverside_B_Stops
37.94444,-87.53001,Riverside_B_Stops
37.94452,-87.52976,Riverside_B_Stops
37.94437,-87.52528,Riverside_B_Stops
37.9445,-87.52514,Riverside_B_Stops
37.94431,-87.52071,Riverside_B_Stops
37.94444,-87.52047,Riverside_B_Stops
37.9443,-87.51735,Riverside_B_Stops
37.94429,-87.51496,Riverside_B_Stops
37.9435,-87.5116,Riverside_B_Stops
37.94791,-87.51021,Riverside_B_Stops
37.9479,-87.50664,Riverside_B_Stops
37.94787,-87.50439,Riverside_B_Stops
37.94782,-87.50106,Riverside_B_Stops
37.94781,-87.49825,Riverside_B_Stops
37.94773,-87.49508,Riverside_B_Stops
37.94924,-87.49288,Riverside_B_Stops
37.95061,-87.49282,Riverside_B_Stops
37.95356,-87.49277,Riverside_B_Stops
37.95467,-87.49277,Riverside_B_Stops
37.95824,-87.49264,Riverside_B_Stops
37.9479,-87.49496,Riverside_B_Stops
37.94792,-87.49863,Riverside_B_Stops
37.94799,-87.50256,Riverside_B_Stops
37.948,-87.50664,Riverside_B_Stops
37.94805,-87.50983,Riverside_B_Stops
37.94524,-87.51144,Riverside_B_Stops
37.94369,-87.51147,Riverside_B_Stops
37.94435,-87.51475,Riverside_B_Stops
37.9459,-87.53462,Riverside_B_Stops
37.97413,-87.56964,Riverside_B_Stops
37.97413,-87.56964,Riverside_B_Stops
37.95791,-87.56373,Riverside_B_Stops
37.9526,-87.54476,Riverside_B_Stops
37.95846,-87.49293,Riverside_B_Stops
37.96462,-87.49114,Riverside_A_Stops
37.96537,-87.49116,Riverside_A_Stops
37.9664,-87.49246,Riverside_A_Stops
37.96251,-87.4928,Riverside_A_Stops
37.96314,-87.49119,Riverside_A_Stops
37.96105,-87.49285,Riverside_A_Stops
37.95778,-87.49292,Riverside_A_Stops
37.95463,-87.49291,Riverside_A_Stops
37.95128,-87.49299,Riverside_A_Stops
37.94925,-87.49307,Riverside_A_Stops
37.94427,-87.49306,Riverside_A_Stops
37.94274,-87.49307,Riverside_A_Stops
37.94065,-87.49646,Riverside_A_Stops
37.94064,-87.50396,Riverside_A_Stops
37.9407,-87.51119,Riverside_A_Stops
37.94322,-87.51135,Riverside_A_Stops
37.9451,-87.51131,Riverside_A_Stops
37.94808,-87.51265,Riverside_A_Stops
37.9481,-87.51585,Riverside_A_Stops
37.9481,-87.52037,Riverside_A_Stops
37.94819,-87.52652,Riverside_A_Stops
37.94821,-87.53077,Riverside_A_Stops
37.94825,-87.53486,Riverside_A_Stops
37.94874,-87.53881,Riverside_A_Stops
37.95,-87.54072,Riverside_A_Stops
37.9527,-87.54467,Riverside_A_Stops
37.95359,-87.54795,Riverside_A_Stops
37.9537,-87.55008,Riverside_A_Stops
37.95375,-87.55251,Riverside_A_Stops
37.9541,-87.55534,Riverside_A_Stops
37.95549,-87.5595,Riverside_A_Stops
37.95576,-87.5613,Riverside_A_Stops
37.95725,-87.56255,Riverside_A_Stops
37.95874,-87.56431,Riverside_A_Stops
37.96041,-87.56534,Riverside_A_Stops
37.96199,-87.56629,Riverside_A_Stops
37.96318,-87.56729,Riverside_A_Stops
37.96542,-87.56911,Riverside_A_Stops
37.96853,-87.57156,Riverside_A_Stops
37.97184,-87.57424,Riverside_A_Stops
37.96926,-87.5724,Riverside_A_Stops
37.96689,-87.57046,Riverside_A_Stops
37.96547,-87.56931,Riverside_A_Stops
37.96272,-87.56707,Riverside_A_Stops
37.96112,-87.56593,Riverside_A_Stops
37.95926,-87.56482,Riverside_A_Stops
37.95729,-87.56272,Riverside_A_Stops
37.95579,-87.56269,Riverside_A_Stops
37.95561,-87.56112,Riverside_A_Stops
37.95552,-87.55986,Riverside_A_Stops
37.95439,-87.55722,Riverside_A_Stops
37.95391,-87.55497,Riverside_A_Stops
37.95362,-87.55272,Riverside_A_Stops
37.95355,-87.55035,Riverside_A_Stops
37.95327,-87.54713,Riverside_A_Stops
37.94998,-87.54097,Riverside_A_Stops
37.94872,-87.53909,Riverside_A_Stops
37.94793,-87.53787,Riverside_A_Stops
37.94645,-87.53572,Riverside_A_Stops
37.94567,-87.53451,Riverside_A_Stops
37.94444,-87.53001,Riverside_A_Stops
37.94437,-87.52528,Riverside_A_Stops
37.94431,-87.52071,Riverside_A_Stops
37.9443,-87.51735,Riverside_A_Stops
37.94429,-87.51496,Riverside_A_Stops
37.9435,-87.5116,Riverside_A_Stops
37.94791,-87.51021,Riverside_A_Stops
37.9479,-87.50664,Riverside_A_Stops
37.94787,-87.50439,Riverside_A_Stops
37.94782,-87.50106,Riverside_A_Stops
37.94781,-87.49825,Riverside_A_Stops
37.94773,-87.49508,Riverside_A_Stops
37.94924,-87.49288,Riverside_A_Stops
37.95061,-87.49282,Riverside_A_Stops
37.95356,-87.49277,Riverside_A_Stops
37.95467,-87.49277,Riverside_A_Stops
37.95824,-87.49264,Riverside_A_Stops
37.97413,-87.56964,Riverside_A_Stops
37.9451,-87.51131,Riverside_A_Stops
37.97413,-87.56964,Riverside_A_Stops
37.95791,-87.56373,Riverside_A_Stops
37.9526,-87.54476,Riverside_A_Stops
37.95846,-87.49293,Riverside_A_Stops
37.97544,-87.56982,Mary_Tekoppel_B_Stops
37.97171,-87.62581,Mary_Tekoppel_B_Stops
37.98061,-87.60392,Mary_Tekoppel_B_Stops
37.98064,-87.60229,Mary_Tekoppel_B_Stops
37.98051,-87.6001,Mary_Tekoppel_B_Stops
37.98048,-87.59905,Mary_Tekoppel_B_Stops
37.98041,-87.59744,Mary_Tekoppel_B_Stops
37.98043,-87.5959,Mary_Tekoppel_B_Stops
37.97736,-87.5707,Mary_Tekoppel_B_Stops
37.97915,-87.57072,Mary_Tekoppel_B_Stops
37.98007,-87.57071,Mary_Tekoppel_B_Stops
37.98204,-87.56957,Mary_Tekoppel_B_Stops
37.98368,-87.56944,Mary_Tekoppel_B_Stops
37.98561,-87.56794,Mary_Tekoppel_B_Stops
37.98746,-87.5679,Mary_Tekoppel_B_Stops
37.98838,-87.56791,Mary_Tekoppel_B_Stops
37.98851,-87.56956,Mary_Tekoppel_B_Stops
37.98831,-87.57099,Mary_Tekoppel_B_Stops
37.98673,-87.57105,Mary_Tekoppel_B_Stops
37.98489,-87.57113,Mary_Tekoppel_B_Stops
37.98495,-87.5738,Mary_Tekoppel_B_Stops
37.98498,-87.57558,Mary_Tekoppel_B_Stops
37.98499,-87.58079,Mary_Tekoppel_B_Stops
37.98505,-87.58373,Mary_Tekoppel_B_Stops
37.98506,-87.58531,Mary_Tekoppel_B_Stops
37.98425,-87.59428,Mary_Tekoppel_B_Stops
37.9843,-87.59704,Mary_Tekoppel_B_Stops
37.98252,-87.60031,Mary_Tekoppel_B_Stops
37.98554,-87.60037,Mary_Tekoppel_B_Stops
37.98939,-87.60156,Mary_Tekoppel_B_Stops
37.99041,-87.60236,Mary_Tekoppel_B_Stops
37.99478,-87.60459,Mary_Tekoppel_B_Stops
37.99513,-87.60502,Mary_Tekoppel_B_Stops
37.99726,-87.60687,Mary_Tekoppel_B_Stops
37.99829,-87.60819,Mary_Tekoppel_B_Stops
37.99599,-87.61109,Mary_Tekoppel_B_Stops
37.99522,-87.61367,Mary_Tekoppel_B_Stops
37.99495,-87.61616,Mary_Tekoppel_B_Stops
37.99119,-87.61539,Mary_Tekoppel_B_Stops
37.98895,-87.613,Mary_Tekoppel_B_Stops
37.98776,-87.61242,Mary_Tekoppel_B_Stops
37.98416,-87.61291,Mary_Tekoppel_B_Stops
37.98334,-87.61652,Mary_Tekoppel_B_Stops
37.98233,-87.61881,Mary_Tekoppel_B_Stops
37.9715,-87.61575,Mary_Tekoppel_B_Stops
37.973,-87.61571,Mary_Tekoppel_B_Stops
37.9768,-87.61563,Mary_Tekoppel_B_Stops
37.97695,-87.61877,Mary_Tekoppel_B_Stops
37.97859,-87.61889,Mary_Tekoppel_B_Stops
37.9825,-87.61839,Mary_Tekoppel_B_Stops
37.98331,-87.61637,Mary_Tekoppel_B_Stops
37.984,-87.61296,Mary_Tekoppel_B_Stops
37.98302,-87.60852,Mary_Tekoppel_B_Stops
37.98228,-87.60626,Mary_Tekoppel_B_Stops
37.98108,-87.60499,Mary_Tekoppel_B_Stops
37.98102,-87.5937,Mary_Tekoppel_B_Stops
37.98407,-87.59365,Mary_Tekoppel_B_Stops
37.98493,-87.58581,Mary_Tekoppel_B_Stops
37.98488,-87.58132,Mary_Tekoppel_B_Stops
37.98484,-87.57958,Mary_Tekoppel_B_Stops
37.98479,-87.57792,Mary_Tekoppel_B_Stops
37.98485,-87.57623,Mary_Tekoppel_B_Stops
37.98479,-87.57339,Mary_Tekoppel_B_Stops
37.98661,-87.57086,Mary_Tekoppel_B_Stops
37.98843,-87.57089,Mary_Tekoppel_B_Stops
37.98842,-87.56805,Mary_Tekoppel_B_Stops
37.98758,-87.56799,Mary_Tekoppel_B_Stops
37.98579,-87.56809,Mary_Tekoppel_B_Stops
37.98492,-87.56805,Mary_Tekoppel_B_Stops
37.98308,-87.56955,Mary_Tekoppel_B_Stops
37.97766,-87.57085,Mary_Tekoppel_B_Stops
37.9825,-87.5668,Mary_Tekoppel_B_Stops
37.98395,-87.56752,Mary_Tekoppel_B_Stops
37.98398,-87.56831,Mary_Tekoppel_B_Stops
37.98044,-87.62788,Mary_Tekoppel_B_Stops
37.9787,-87.62791,Mary_Tekoppel_B_Stops
37.97413,-87.56964,Mary_Tekoppel_B_Stops
37.97694,-87.62866,Mary_Tekoppel_B_Stops
37.98308,-87.56955,Mary_Tekoppel_B_Stops
37.97413,-87.56964,Mary_Tekoppel_B_Stops
37.97544,-87.56982,Mary_Tekoppel_A_Stops
37.9806,-87.59367,Mary_Tekoppel_A_Stops
37.97425,-87.63691,Mary_Tekoppel_A_Stops
37.97486,-87.63809,Mary_Tekoppel_A_Stops
37.97171,-87.62581,Mary_Tekoppel_A_Stops
37.98061,-87.60392,Mary_Tekoppel_A_Stops
37.98064,-87.60229,Mary_Tekoppel_A_Stops
37.98051,-87.6001,Mary_Tekoppel_A_Stops
37.98048,-87.59905,Mary_Tekoppel_A_Stops
37.98041,-87.59744,Mary_Tekoppel_A_Stops
37.98043,-87.5959,Mary_Tekoppel_A_Stops
37.98039,-87.59406,Mary_Tekoppel_A_Stops
37.97736,-87.5707,Mary_Tekoppel_A_Stops
37.97915,-87.57072,Mary_Tekoppel_A_Stops
37.98007,-87.57071,Mary_Tekoppel_A_Stops
37.98204,-87.56957,Mary_Tekoppel_A_Stops
37.98368,-87.56944,Mary_Tekoppel_A_Stops
37.98561,-87.56794,Mary_Tekoppel_A_Stops
37.98746,-87.5679,Mary_Tekoppel_A_Stops
37.98838,-87.56791,Mary_Tekoppel_A_Stops
37.98851,-87.56956,Mary_Tekoppel_A_Stops
37.98831,-87.57099,Mary_Tekoppel_A_Stops
37.98673,-87.57105,Mary_Tekoppel_A_Stops
37.98489,-87.57113,Mary_Tekoppel_A_Stops
37.98495,-87.5738,Mary_Tekoppel_A_Stops
37.98498,-87.57558,Mary_Tekoppel_A_Stops
37.98499,-87.58079,Mary_Tekoppel_A_Stops
37.98505,-87.58373,Mary_Tekoppel_A_Stops
37.98506,-87.58531,Mary_Tekoppel_A_Stops
37.98425,-87.59428,Mary_Tekoppel_A_Stops
37.9843,-87.59704,Mary_Tekoppel_A_Stops
37.98252,-87.60031,Mary_Tekoppel_A_Stops
37.98554,-87.60037,Mary_Tekoppel_A_Stops
37.98776,-87.61242,Mary_Tekoppel_A_Stops
37.98416,-87.61291,Mary_Tekoppel_A_Stops
37.98334,-87.61652,Mary_Tekoppel_A_Stops
37.98233,-87.61881,Mary_Tekoppel_A_Stops
37.9715,-87.61575,Mary_Tekoppel_A_Stops
37.973,-87.61571,Mary_Tekoppel_A_Stops
37.9768,-87.61563,Mary_Tekoppel_A_Stops
37.97695,-87.61877,Mary_Tekoppel_A_Stops
37.97859,-87.61889,Mary_Tekoppel_A_Stops
37.9825,-87.61839,Mary_Tekoppel_A_Stops
37.98331,-87.61637,Mary_Tekoppel_A_Stops
37.984,-87.61296,Mary_Tekoppel_A_Stops
37.98302,-87.60852,Mary_Tekoppel_A_Stops
37.98228,-87.60626,Mary_Tekoppel_A_Stops
37.98108,-87.60499,Mary_Tekoppel_A_Stops
37.98102,-87.5937,Mary_Tekoppel_A_Stops
37.98407,-87.59365,Mary_Tekoppel_A_Stops
37.98493,-87.58581,Mary_Tekoppel_A_Stops
37.98488,-87.58132,Mary_Tekoppel_A_Stops
37.98484,-87.57958,Mary_Tekoppel_A_Stops
37.98479,-87.57792,Mary_Tekoppel_A_Stops
37.98485,-87.57623,Mary_Tekoppel_A_Stops
37.98479,-87.57339,Mary_Tekoppel_A_Stops
37.98661,-87.57086,Mary_Tekoppel_A_Stops
37.98843,-87.57089,Mary_Tekoppel_A_Stops
37.98842,-87.56805,Mary_Tekoppel_A_Stops
37.98758,-87.56799,Mary_Tekoppel_A_Stops
37.98579,-87.56809,Mary_Tekoppel_A_Stops
37.98492,-87.56805,Mary_Tekoppel_A_Stops
37.98308,-87.56955,Mary_Tekoppel_A_Stops
37.97766,-87.57085,Mary_Tekoppel_A_Stops
37.9825,-87.5668,Mary_Tekoppel_A_Stops
37.98395,-87.56752,Mary_Tekoppel_A_Stops
37.98398,-87.56831,Mary_Tekoppel_A_Stops
37.98586,-87.602,Mary_Tekoppel_A_Stops
37.98592,-87.60535,Mary_Tekoppel_A_Stops
37.98593,-87.6078,Mary_Tekoppel_A_Stops
37.98044,-87.62788,Mary_Tekoppel_A_Stops
37.9787,-87.62791,Mary_Tekoppel_A_Stops
37.9786,-87.6287,Mary_Tekoppel_A_Stops
37.97839,-87.6322,Mary_Tekoppel_A_Stops
37.97778,-87.63594,Mary_Tekoppel_A_Stops
37.97785,-87.63678,Mary_Tekoppel_A_Stops
37.97413,-87.56964,Mary_Tekoppel_A_Stops
37.97694,-87.62866,Mary_Tekoppel_A_Stops
37.98308,-87.56955,Mary_Tekoppel_A_Stops
37.97413,-87.56964,Mary_Tekoppel_A_Stops
37.97295,-87.57516,Mary_Howell_Stops
37.97418,-87.58132,Mary_Howell_Stops
37.9745,-87.5721,Mary_Howell_Stops
37.97544,-87.56982,Mary_Howell_Stops
37.9793,-87.58105,Mary_Howell_Stops
37.97998,-87.5794,Mary_Howell_Stops
37.98044,-87.58083,Mary_Howell_Stops
37.97425,-87.63691,Mary_Howell_Stops
37.97486,-87.63809,Mary_Howell_Stops
37.97171,-87.62581,Mary_Howell_Stops
37.97178,-87.62862,Mary_Howell_Stops
37.97196,-87.63295,Mary_Howell_Stops
37.96188,-87.62999,Mary_Howell_Stops
37.96064,-87.62914,Mary_Howell_Stops
37.9603,-87.62718,Mary_Howell_Stops
37.96036,-87.62601,Mary_Howell_Stops
37.96033,-87.61774,Mary_Howell_Stops
37.96052,-87.61643,Mary_Howell_Stops
37.96099,-87.61528,Mary_Howell_Stops
37.96147,-87.61407,Mary_Howell_Stops
37.96198,-87.61293,Mary_Howell_Stops
37.96307,-87.6103,Mary_Howell_Stops
37.96501,-87.60998,Mary_Howell_Stops
37.966,-87.60997,Mary_Howell_Stops
37.96811,-87.60987,Mary_Howell_Stops
37.96909,-87.6099,Mary_Howell_Stops
37.97219,-87.60982,Mary_Howell_Stops
37.97409,-87.60974,Mary_Howell_Stops
37.97618,-87.60968,Mary_Howell_Stops
37.97933,-87.60962,Mary_Howell_Stops
37.98088,-87.60958,Mary_Howell_Stops
37.98086,-87.60494,Mary_Howell_Stops
37.98061,-87.60392,Mary_Howell_Stops
37.98064,-87.60229,Mary_Howell_Stops
37.98051,-87.6001,Mary_Howell_Stops
37.98048,-87.59905,Mary_Howell_Stops
37.98041,-87.59744,Mary_Howell_Stops
37.98043,-87.5959,Mary_Howell_Stops
37.98039,-87.59406,Mary_Howell_Stops
37.98034,-87.59224,Mary_Howell_Stops
37.98037,-87.59057,Mary_Howell_Stops
37.98028,-87.58575,Mary_Howell_Stops
37.98024,-87.58245,Mary_Howell_Stops
37.97955,-87.58136,Mary_Howell_Stops
37.97876,-87.5814,Mary_Howell_Stops
37.97347,-87.57429,Mary_Howell_Stops
37.97736,-87.5707,Mary_Howell_Stops
37.97915,-87.57072,Mary_Howell_Stops
37.98007,-87.57071,Mary_Howell_Stops
37.98204,-87.56957,Mary_Howell_Stops
37.98368,-87.56944,Mary_Howell_Stops
37.98561,-87.56794,Mary_Howell_Stops
37.98746,-87.5679,Mary_Howell_Stops
37.98838,-87.56791,Mary_Howell_Stops
37.98851,-87.56956,Mary_Howell_Stops
37.98831,-87.57099,Mary_Howell_Stops
37.98673,-87.57105,Mary_Howell_Stops
37.98489,-87.57113,Mary_Howell_Stops
37.98495,-87.5738,Mary_Howell_Stops
37.98498,-87.57558,Mary_Howell_Stops
37.98499,-87.58079,Mary_Howell_Stops
37.98505,-87.58373,Mary_Howell_Stops
37.98506,-87.58531,Mary_Howell_Stops
37.98425,-87.59428,Mary_Howell_Stops
37.9843,-87.59704,Mary_Howell_Stops
37.98252,-87.60031,Mary_Howell_Stops
37.98319,-87.60038,Mary_Howell_Stops
37.98554,-87.60037,Mary_Howell_Stops
37.98939,-87.60156,Mary_Howell_Stops
37.99041,-87.60236,Mary_Howell_Stops
37.99478,-87.60459,Mary_Howell_Stops
37.99513,-87.60502,Mary_Howell_Stops
37.99726,-87.60687,Mary_Howell_Stops
37.99829,-87.60819,Mary_Howell_Stops
37.99599,-87.61109,Mary_Howell_Stops
37.99522,-87.61367,Mary_Howell_Stops
37.99495,-87.61616,Mary_Howell_Stops
37.99119,-87.61539,Mary_Howell_Stops
37.98895,-87.613,Mary_Howell_Stops
37.98776,-87.61242,Mary_Howell_Stops
37.98416,-87.61291,Mary_Howell_Stops
37.98334,-87.61652,Mary_Howell_Stops
37.98233,-87.61881,Mary_Howell_Stops
37.98067,-87.61892,Mary_Howell_Stops
37.97872,-87.61898,Mary_Howell_Stops
37.9715,-87.61913,Mary_Howell_Stops
37.98308,-87.56955,Mary_Howell_Stops
37.97413,-87.56964,Mary_Howell_Stops
37.97694,-87.62866,Mary_Howell_Stops
37.97171,-87.62581,Mary_Howell_Stops
37.97178,-87.62862,Mary_Howell_Stops
37.97196,-87.63295,Mary_Howell_Stops
37.97413,-87.56964,Mary_Howell_Stops
37.9957,-87.5416,Lynch_Stops
37.99867,-87.53957,Lynch_Stops
37.99251,-87.54305,Lynch_Stops
37.98843,-87.54304,Lynch_Stops
37.98504,-87.54306,Lynch_Stops
37.98198,-87.54316,Lynch_Stops
37.98186,-87.54786,Lynch_Stops
37.98212,-87.55194,Lynch_Stops
37.9819,-87.55659,Lynch_Stops
37.98198,-87.55863,Lynch_Stops
37.97568,-87.56231,Lynch_Stops
37.97497,-87.56643,Lynch_Stops
37.97549,-87.56319,Lynch_Stops
37.97546,-87.56144,Lynch_Stops
37.97544,-87.55916,Lynch_Stops
37.9754,-87.55686,Lynch_Stops
37.9763,-87.55662,Lynch_Stops
37.97893,-87.55655,Lynch_Stops
37.97991,-87.5561,Lynch_Stops
37.97989,-87.5545,Lynch_Stops
37.97987,-87.5514,Lynch_Stops
37.97984,-87.54781,Lynch_Stops
37.9817,-87.5476,Lynch_Stops
37.98158,-87.54627,Lynch_Stops
37.98138,-87.54397,Lynch_Stops
37.98192,-87.54293,Lynch_Stops
37.98448,-87.54293,Lynch_Stops
37.98642,-87.54286,Lynch_Stops
37.98823,-87.54287,Lynch_Stops
37.99158,-87.54279,Lynch_Stops
37.99368,-87.54255,Lynch_Stops
37.99493,-87.54192,Lynch_Stops
37.99677,-87.54064,Lynch_Stops
37.99767,-87.53993,Lynch_Stops
37.99887,-87.53903,Lynch_Stops
37.99335,-87.52742,Lynch_Stops
37.99179,-87.52729,Lynch_Stops
37.99539,-87.52893,Lynch_Stops
38.01358,-87.53824,Lynch_Stops
38.01346,-87.5329,Lynch_Stops
38.01013,-87.52941,Lynch_Stops
38.00991,-87.52627,Lynch_Stops
38.01339,-87.52545,Lynch_Stops
38.01327,-87.51968,Lynch_Stops
38.01326,-87.51698,Lynch_Stops
38.01189,-87.49236,Lynch_Stops
38.00931,-87.4924,Lynch_Stops
38.00598,-87.49241,Lynch_Stops
38.00079,-87.49254,Lynch_Stops
38.00295,-87.49244,Lynch_Stops
37.99778,-87.49256,Lynch_Stops
37.99623,-87.49262,Lynch_Stops
37.99503,-87.49264,Lynch_Stops
37.99297,-87.49264,Lynch_Stops
37.99189,-87.49273,Lynch_Stops
37.99145,-87.5042,Lynch_Stops
37.99149,-87.5086,Lynch_Stops
37.99177,-87.52163,Lynch_Stops
37.99176,-87.52485,Lynch_Stops
37.97553,-87.56509,Lynch_Stops
37.98002,-87.559,Lynch_Stops
38.01313,-87.51193,Lynch_Stops
37.97413,-87.56964,Lynch_Stops
37.97413,-87.56964,Lynch_Stops
37.98364,-87.49605,Lincoln_B_Stops
37.98761,-87.49299,Lincoln_B_Stops
37.96941,-87.49152,Lincoln_B_Stops
37.96942,-87.48685,Lincoln_B_Stops
37.98035,-87.4928,Lincoln_B_Stops
37.97902,-87.49277,Lincoln_B_Stops
37.97454,-87.49277,Lincoln_B_Stops
37.97182,-87.49281,Lincoln_B_Stops
37.96978,-87.49283,Lincoln_B_Stops
37.96967,-87.49482,Lincoln_B_Stops
37.96968,-87.49674,Lincoln_B_Stops
37.96968,-87.49851,Lincoln_B_Stops
37.96968,-87.50029,Lincoln_B_Stops
37.96969,-87.50242,Lincoln_B_Stops
37.96973,-87.50585,Lincoln_B_Stops
37.96979,-87.50959,Lincoln_B_Stops
37.96981,-87.51325,Lincoln_B_Stops
37.96984,-87.51507,Lincoln_B_Stops
37.97,-87.52002,Lincoln_B_Stops
37.96995,-87.52311,Lincoln_B_Stops
37.96995,-87.52566,Lincoln_B_Stops
37.96998,-87.52826,Lincoln_B_Stops
37.96998,-87.52929,Lincoln_B_Stops
37.97,-87.53188,Lincoln_B_Stops
37.96998,-87.53389,Lincoln_B_Stops
37.97004,-87.53624,Lincoln_B_Stops
37.97008,-87.54158,Lincoln_B_Stops
37.97008,-87.54315,Lincoln_B_Stops
37.97009,-87.54749,Lincoln_B_Stops
37.97011,-87.549,Lincoln_B_Stops
37.97018,-87.55012,Lincoln_B_Stops
37.97019,-87.5525,Lincoln_B_Stops
37.97018,-87.55484,Lincoln_B_Stops
37.97024,-87.5564,Lincoln_B_Stops
37.97005,-87.5615,Lincoln_B_Stops
37.96877,-87.56402,Lincoln_B_Stops
37.96981,-87.56497,Lincoln_B_Stops
37.97145,-87.56641,Lincoln_B_Stops
37.96988,-87.56533,Lincoln_B_Stops
37.96906,-87.56308,Lincoln_B_Stops
37.96978,-87.56152,Lincoln_B_Stops
37.97007,-87.56033,Lincoln_B_Stops
37.97003,-87.55692,Lincoln_B_Stops
37.97024,-87.55898,Lincoln_B_Stops
37.97,-87.55509,Lincoln_B_Stops
37.96995,-87.55248,Lincoln_B_Stops
37.97001,-87.5503,Lincoln_B_Stops
37.96998,-87.54904,Lincoln_B_Stops
37.96993,-87.54775,Lincoln_B_Stops
37.96993,-87.54576,Lincoln_B_Stops
37.96991,-87.54122,Lincoln_B_Stops
37.96993,-87.53943,Lincoln_B_Stops
37.96991,-87.53408,Lincoln_B_Stops
37.96989,-87.5313,Lincoln_B_Stops
37.96984,-87.52946,Lincoln_B_Stops
37.96988,-87.52814,Lincoln_B_Stops
37.96982,-87.52635,Lincoln_B_Stops
37.96979,-87.52335,Lincoln_B_Stops
37.96978,-87.5203,Lincoln_B_Stops
37.96973,-87.5175,Lincoln_B_Stops
37.96974,-87.51528,Lincoln_B_Stops
37.96969,-87.51145,Lincoln_B_Stops
37.96968,-87.50883,Lincoln_B_Stops
37.96958,-87.50583,Lincoln_B_Stops
37.96955,-87.49827,Lincoln_B_Stops
37.96952,-87.49639,Lincoln_B_Stops
37.9695,-87.4941,Lincoln_B_Stops
37.97343,-87.48501,Lincoln_B_Stops
37.97698,-87.48753,Lincoln_B_Stops
37.97702,-87.48841,Lincoln_B_Stops
37.97844,-87.48923,Lincoln_B_Stops
37.97959,-87.4925,Lincoln_B_Stops
37.98193,-87.49252,Lincoln_B_Stops
37.98395,-87.49254,Lincoln_B_Stops
37.98531,-87.49254,Lincoln_B_Stops
37.98571,-87.49251,Lincoln_B_Stops
37.97413,-87.56964,Lincoln_B_Stops
37.97413,-87.56964,Lincoln_B_Stops
37.98364,-87.49605,Lincoln_A_Stops
37.98761,-87.49299,Lincoln_A_Stops
37.96941,-87.49152,Lincoln_A_Stops
37.96942,-87.48685,Lincoln_A_Stops
37.98035,-87.4928,Lincoln_A_Stops
37.97902,-87.49277,Lincoln_A_Stops
37.97454,-87.49277,Lincoln_A_Stops
37.97182,-87.49281,Lincoln_A_Stops
37.96978,-87.49283,Lincoln_A_Stops
37.96967,-87.49482,Lincoln_A_Stops
37.96968,-87.49674,Lincoln_A_Stops
37.96968,-87.49851,Lincoln_A_Stops
37.96968,-87.50029,Lincoln_A_Stops
37.96969,-87.50242,Lincoln_A_Stops
37.96973,-87.50585,Lincoln_A_Stops
37.96979,-87.50959,Lincoln_A_Stops
37.96981,-87.51325,Lincoln_A_Stops
37.96984,-87.51507,Lincoln_A_Stops
37.97,-87.52002,Lincoln_A_Stops
37.96995,-87.52311,Lincoln_A_Stops
37.96995,-87.52566,Lincoln_A_Stops
37.96998,-87.52826,Lincoln_A_Stops
37.96998,-87.52929,Lincoln_A_Stops
37.97,-87.53188,Lincoln_A_Stops
37.96998,-87.53389,Lincoln_A_Stops
37.97004,-87.53624,Lincoln_A_Stops
37.97008,-87.54158,Lincoln_A_Stops
37.97008,-87.54315,Lincoln_A_Stops
37.97014,-87.54602,Lincoln_A_Stops
37.97009,-87.54749,Lincoln_A_Stops
37.97011,-87.549,Lincoln_A_Stops
37.97018,-87.55012,Lincoln_A_Stops
37.97019,-87.5525,Lincoln_A_Stops
37.97018,-87.55484,Lincoln_A_Stops
37.97024,-87.5564,Lincoln_A_Stops
37.9703,-87.56033,Lincoln_A_Stops
37.97005,-87.5615,Lincoln_A_Stops
37.96877,-87.56402,Lincoln_A_Stops
37.96981,-87.56497,Lincoln_A_Stops
37.97145,-87.56641,Lincoln_A_Stops
37.96988,-87.56533,Lincoln_A_Stops
37.97447,-87.49495,Lincoln_A_Stops
37.97449,-87.49687,Lincoln_A_Stops
37.97643,-87.50161,Lincoln_A_Stops
37.96906,-87.56308,Lincoln_A_Stops
37.96978,-87.56152,Lincoln_A_Stops
37.97007,-87.56033,Lincoln_A_Stops
37.97003,-87.55692,Lincoln_A_Stops
37.97024,-87.55898,Lincoln_A_Stops
37.97,-87.55509,Lincoln_A_Stops
37.96995,-87.55248,Lincoln_A_Stops
37.97001,-87.5503,Lincoln_A_Stops
37.96998,-87.54904,Lincoln_A_Stops
37.96993,-87.54775,Lincoln_A_Stops
37.96993,-87.54576,Lincoln_A_Stops
37.96991,-87.54122,Lincoln_A_Stops
37.96993,-87.53943,Lincoln_A_Stops
37.96991,-87.53408,Lincoln_A_Stops
37.96989,-87.5313,Lincoln_A_Stops
37.96984,-87.52946,Lincoln_A_Stops
37.96988,-87.52814,Lincoln_A_Stops
37.96982,-87.52635,Lincoln_A_Stops
37.96979,-87.52335,Lincoln_A_Stops
37.96978,-87.5203,Lincoln_A_Stops
37.96973,-87.5175,Lincoln_A_Stops
37.96974,-87.51528,Lincoln_A_Stops
37.96969,-87.51145,Lincoln_A_Stops
37.96968,-87.50883,Lincoln_A_Stops
37.96958,-87.50583,Lincoln_A_Stops
37.96954,-87.50259,Lincoln_A_Stops
37.96955,-87.49827,Lincoln_A_Stops
37.96952,-87.49639,Lincoln_A_Stops
37.9695,-87.4941,Lincoln_A_Stops
37.97343,-87.48501,Lincoln_A_Stops
37.977,-87.4859,Lincoln_A_Stops
37.97698,-87.48753,Lincoln_A_Stops
37.97702,-87.48841,Lincoln_A_Stops
37.97844,-87.48923,Lincoln_A_Stops
37.97959,-87.4925,Lincoln_A_Stops
37.98193,-87.49252,Lincoln_A_Stops
37.98395,-87.49254,Lincoln_A_Stops
37.98531,-87.49254,Lincoln_A_Stops
37.98571,-87.49251,Lincoln_A_Stops
37.97413,-87.56964,Lincoln_A_Stops
37.97454,-87.49277,Lincoln_A_Stops
37.97413,-87.56964,Lincoln_A_Stops
37.99996,-87.49223,Hwy_41_N_Stops
38.00266,-87.49221,Hwy_41_N_Stops
38.0036,-87.49209,Hwy_41_N_Stops
38.00721,-87.49209,Hwy_41_N_Stops
38.01336,-87.51462,Hwy_41_N_Stops
38.01348,-87.52487,Hwy_41_N_Stops
38.01352,-87.52081,Hwy_41_N_Stops
38.01338,-87.51194,Hwy_41_N_Stops
38.01339,-87.52545,Hwy_41_N_Stops
38.01327,-87.51968,Hwy_41_N_Stops
38.01326,-87.51698,Hwy_41_N_Stops
38.01189,-87.49236,Hwy_41_N_Stops
38.00931,-87.4924,Hwy_41_N_Stops
38.00598,-87.49241,Hwy_41_N_Stops
38.00457,-87.49247,Hwy_41_N_Stops
38.00079,-87.49254,Hwy_41_N_Stops
38.00295,-87.49244,Hwy_41_N_Stops
37.99778,-87.49256,Hwy_41_N_Stops
37.99623,-87.49262,Hwy_41_N_Stops
37.9958,-87.49384,Hwy_41_N_Stops
37.99755,-87.49354,Hwy_41_N_Stops
38.01358,-87.52861,Hwy_41_N_Stops
38.01523,-87.52877,Hwy_41_N_Stops
38.01873,-87.52871,Hwy_41_N_Stops
38.0205,-87.5287,Hwy_41_N_Stops
38.02171,-87.52881,Hwy_41_N_Stops
38.01774,-87.52886,Hwy_41_N_Stops
38.01313,-87.51193,Hwy_41_N_Stops
38.02787,-87.52845,Hwy_41_N_Stops
38.02731,-87.5287,Hwy_41_N_Stops
38.02809,-87.53423,Hwy_41_N_Stops
38.02791,-87.533,Hwy_41_N_Stops
38.04686,-87.54132,Hwy_41_N_Stops
38.04832,-87.54141,Hwy_41_N_Stops
38.05009,-87.54149,Hwy_41_N_Stops
38.05174,-87.54148,Hwy_41_N_Stops
38.05374,-87.54137,Hwy_41_N_Stops
38.05684,-87.54131,Hwy_41_N_Stops
38.09219,-87.55718,Hwy_41_N_Stops
38.08989,-87.55668,Hwy_41_N_Stops
38.02794,-87.53606,Hwy_41_N_Stops
37.97413,-87.56964,Howell_Stops
37.97418,-87.58132,Howell_Stops
37.9745,-87.5721,Howell_Stops
37.9793,-87.58105,Howell_Stops
37.97998,-87.5794,Howell_Stops
37.98044,-87.58083,Howell_Stops
37.9805,-87.58373,Howell_Stops
37.98051,-87.58602,Howell_Stops
37.98063,-87.59196,Howell_Stops
37.9806,-87.59367,Howell_Stops
37.98063,-87.59539,Howell_Stops
37.98067,-87.59707,Howell_Stops
37.98072,-87.59875,Howell_Stops
37.98075,-87.60117,Howell_Stops
37.98076,-87.6026,Howell_Stops
37.9808,-87.60356,Howell_Stops
37.98105,-87.60604,Howell_Stops
37.9811,-87.60956,Howell_Stops
37.97884,-87.6098,Howell_Stops
37.97636,-87.60985,Howell_Stops
37.9743,-87.60991,Howell_Stops
37.97205,-87.60992,Howell_Stops
37.96825,-87.61007,Howell_Stops
37.96495,-87.61016,Howell_Stops
37.96287,-87.6111,Howell_Stops
37.96223,-87.61254,Howell_Stops
37.96169,-87.61392,Howell_Stops
37.96117,-87.61517,Howell_Stops
37.96063,-87.61646,Howell_Stops
37.96061,-87.61905,Howell_Stops
37.9612,-87.62256,Howell_Stops
37.96051,-87.6258,Howell_Stops
37.96041,-87.62694,Howell_Stops
37.96116,-87.62917,Howell_Stops
37.96225,-87.62986,Howell_Stops
37.9645,-87.62982,Howell_Stops
37.97425,-87.63691,Howell_Stops
37.97486,-87.63809,Howell_Stops
37.97171,-87.62581,Howell_Stops
37.97178,-87.62862,Howell_Stops
37.97196,-87.63295,Howell_Stops
37.96188,-87.62999,Howell_Stops
37.96064,-87.62914,Howell_Stops
37.9603,-87.62718,Howell_Stops
37.96036,-87.62601,Howell_Stops
37.96033,-87.61774,Howell_Stops
37.96052,-87.61643,Howell_Stops
37.96099,-87.61528,Howell_Stops
37.96147,-87.61407,Howell_Stops
37.96198,-87.61293,Howell_Stops
37.96307,-87.6103,Howell_Stops
37.96501,-87.60998,Howell_Stops
37.966,-87.60997,Howell_Stops
37.96811,-87.60987,Howell_Stops
37.96909,-87.6099,Howell_Stops
37.97219,-87.60982,Howell_Stops
37.97409,-87.60974,Howell_Stops
37.97618,-87.60968,Howell_Stops
37.97933,-87.60962,Howell_Stops
37.98088,-87.60958,Howell_Stops
37.98086,-87.60494,Howell_Stops
37.98061,-87.60392,Howell_Stops
37.98064,-87.60229,Howell_Stops
37.98051,-87.6001,Howell_Stops
37.98048,-87.59905,Howell_Stops
37.98041,-87.59744,Howell_Stops
37.98043,-87.5959,Howell_Stops
37.98039,-87.59406,Howell_Stops
37.98034,-87.59224,Howell_Stops
37.98037,-87.59057,Howell_Stops
37.98028,-87.58575,Howell_Stops
37.98024,-87.58245,Howell_Stops
37.97955,-87.58136,Howell_Stops
37.97876,-87.5814,Howell_Stops
37.97347,-87.57429,Howell_Stops
37.98108,-87.60499,Howell_Stops
37.97413,-87.56964,Howell_Stops
37.97694,-87.62866,Howell_Stops
37.97235,-87.57462,Fulton_Stops
37.97304,-87.5755,Fulton_Stops
37.97295,-87.57516,Fulton_Stops
37.9745,-87.5768,Fulton_Stops
37.97513,-87.57783,Fulton_Stops
37.97616,-87.58112,Fulton_Stops
37.9793,-87.58105,Fulton_Stops
37.98018,-87.58105,Fulton_Stops
37.97955,-87.58136,Fulton_Stops
37.97876,-87.5814,Fulton_Stops
38.02078,-87.57521,Fulton_Stops
38.00528,-87.58149,Fulton_Stops
38.00432,-87.57864,Fulton_Stops
38.00425,-87.57705,Fulton_Stops
37.98212,-87.58108,Fulton_Stops
37.98288,-87.58102,Fulton_Stops
37.98383,-87.58098,Fulton_Stops
37.98527,-87.58097,Fulton_Stops
37.98702,-87.58092,Fulton_Stops
37.98768,-87.5809,Fulton_Stops
37.98951,-87.58152,Fulton_Stops
37.98949,-87.58258,Fulton_Stops
37.98949,-87.585,Fulton_Stops
37.99146,-87.58493,Fulton_Stops
37.99269,-87.58489,Fulton_Stops
37.9935,-87.58485,Fulton_Stops
37.99458,-87.58484,Fulton_Stops
37.99461,-87.58359,Fulton_Stops
37.99457,-87.58199,Fulton_Stops
37.99637,-87.58174,Fulton_Stops
38.00004,-87.58196,Fulton_Stops
37.99605,-87.58097,Fulton_Stops
37.99432,-87.58103,Fulton_Stops
37.99366,-87.58101,Fulton_Stops
37.99086,-87.58111,Fulton_Stops
37.98883,-87.58105,Fulton_Stops
37.98668,-87.58118,Fulton_Stops
37.98508,-87.58125,Fulton_Stops
37.98409,-87.5813,Fulton_Stops
37.98325,-87.5813,Fulton_Stops
37.98183,-87.58136,Fulton_Stops
37.9805,-87.58135,Fulton_Stops
37.9744,-87.57687,Fulton_Stops
37.97156,-87.57432,Fulton_Stops
37.97068,-87.57051,Fulton_Stops
37.97413,-87.56964,Fulton_Stops
38.00325,-87.57771,Fulton_Stops
37.97413,-87.56964,Fulton_Stops
37.97869,-87.57501,First_Avenue_Stops
37.98009,-87.57497,First_Avenue_Stops
37.98024,-87.57918,First_Avenue_Stops
37.982,-87.57489,First_Avenue_Stops
37.98341,-87.57486,First_Avenue_Stops
37.98472,-87.57482,First_Avenue_Stops
37.98673,-87.57477,First_Avenue_Stops
37.9883,-87.57476,First_Avenue_Stops
37.99471,-87.57456,First_Avenue_Stops
38.00142,-87.57338,First_Avenue_Stops
38.00106,-87.57188,First_Avenue_Stops
38.00313,-87.57278,First_Avenue_Stops
38.00495,-87.57428,First_Avenue_Stops
38.00335,-87.5741,First_Avenue_Stops
38.00749,-87.57412,First_Avenue_Stops
38.00969,-87.57411,First_Avenue_Stops
38.01175,-87.57406,First_Avenue_Stops
38.01403,-87.57405,First_Avenue_Stops
38.01573,-87.57396,First_Avenue_Stops
38.01809,-87.57392,First_Avenue_Stops
38.01966,-87.57388,First_Avenue_Stops
38.02129,-87.57382,First_Avenue_Stops
38.02533,-87.57374,First_Avenue_Stops
38.0308,-87.57426,First_Avenue_Stops
38.02526,-87.574,First_Avenue_Stops
38.02378,-87.57406,First_Avenue_Stops
38.02078,-87.57521,First_Avenue_Stops
38.01328,-87.57562,First_Avenue_Stops
38.01216,-87.57427,First_Avenue_Stops
38.01016,-87.57434,First_Avenue_Stops
38.00717,-87.579,First_Avenue_Stops
38.00727,-87.58137,First_Avenue_Stops
38.00528,-87.58149,First_Avenue_Stops
38.00432,-87.57864,First_Avenue_Stops
38.00425,-87.57705,First_Avenue_Stops
38.00325,-87.57771,First_Avenue_Stops
38.00601,-87.57681,First_Avenue_Stops
38.00693,-87.57678,First_Avenue_Stops
38.00528,-87.57452,First_Avenue_Stops
38.00338,-87.5745,First_Avenue_Stops
37.99386,-87.57479,First_Avenue_Stops
37.99097,-87.57492,First_Avenue_Stops
37.98859,-87.57489,First_Avenue_Stops
37.98703,-87.57498,First_Avenue_Stops
37.98501,-87.57506,First_Avenue_Stops
37.98331,-87.57508,First_Avenue_Stops
37.98218,-87.576,First_Avenue_Stops
37.97873,-87.57519,First_Avenue_Stops
37.97413,-87.56964,First_Avenue_Stops
38.03087,-87.57699,First_Avenue_Stops
37.97413,-87.56964,First_Avenue_Stops
37.98364,-87.49605,East_Connection_Stops
37.98829,-87.49253,East_Connection_Stops
37.98763,-87.49244,East_Connection_Stops
37.98884,-87.49254,East_Connection_Stops
37.98948,-87.49249,East_Connection_Stops
37.99033,-87.49237,East_Connection_Stops
37.99273,-87.4924,East_Connection_Stops
37.99503,-87.49264,East_Connection_Stops
37.99297,-87.49264,East_Connection_Stops
37.99189,-87.49273,East_Connection_Stops
37.96397,-87.49286,East_Connection_Stops
37.96462,-87.49114,East_Connection_Stops
37.96537,-87.49116,East_Connection_Stops
37.9664,-87.49246,East_Connection_Stops
37.96251,-87.4928,East_Connection_Stops
37.96226,-87.49037,East_Connection_Stops
37.96226,-87.48826,East_Connection_Stops
37.97176,-87.45952,East_Connection_Stops
37.97311,-87.45942,East_Connection_Stops
37.97545,-87.4595,East_Connection_Stops
37.9757,-87.46063,East_Connection_Stops
37.97943,-87.46249,East_Connection_Stops
37.99178,-87.46693,East_Connection_Stops
37.9913,-87.47273,East_Connection_Stops
37.99174,-87.47382,East_Connection_Stops
37.99457,-87.47376,East_Connection_Stops
37.99659,-87.47386,East_Connection_Stops
37.99988,-87.4738,East_Connection_Stops
38.00202,-87.47504,East_Connection_Stops
38.00012,-87.47795,East_Connection_Stops
37.99786,-87.4815,East_Connection_Stops
38.00036,-87.4816,East_Connection_Stops
38.00299,-87.48173,East_Connection_Stops
37.99637,-87.48461,East_Connection_Stops
37.9954,-87.48658,East_Connection_Stops
37.98837,-87.49279,East_Connection_Stops
37.98761,-87.49299,East_Connection_Stops
37.99548,-87.49145,East_Connection_Stops
37.99655,-87.48403,East_Connection_Stops
37.99759,-87.48168,East_Connection_Stops
38.00053,-87.47702,East_Connection_Stops
38.00194,-87.47475,East_Connection_Stops
38.00092,-87.47402,East_Connection_Stops
37.99699,-87.47408,East_Connection_Stops
37.99577,-87.47408,East_Connection_Stops
37.9927,-87.47407,East_Connection_Stops
37.98994,-87.47405,East_Connection_Stops
37.98614,-87.47413,East_Connection_Stops
37.98409,-87.47411,East_Connection_Stops
37.98218,-87.47416,East_Connection_Stops
37.9813,-87.47178,East_Connection_Stops
37.98135,-87.46908,East_Connection_Stops
37.98133,-87.46557,East_Connection_Stops
37.98076,-87.4628,East_Connection_Stops
37.97879,-87.46285,East_Connection_Stops
37.97548,-87.46115,East_Connection_Stops
37.96225,-87.4693,East_Connection_Stops
37.96244,-87.48912,East_Connection_Stops
37.96314,-87.49119,East_Connection_Stops
37.96935,-87.46325,East_Connection_Stops
37.96241,-87.48704,East_Connection_Stops
37.9664,-87.49246,East_Connection_Stops
37.97378,-87.55784,Downtown_Trolley_Stops
37.97387,-87.56114,Downtown_Trolley_Stops
37.97003,-87.55692,Downtown_Trolley_Stops
37.96199,-87.56629,Downtown_Trolley_Stops
37.9745,-87.5768,Downtown_Trolley_Stops
37.97513,-87.57783,Downtown_Trolley_Stops
37.97616,-87.58112,Downtown_Trolley_Stops
37.97418,-87.58132,Downtown_Trolley_Stops
37.9745,-87.5721,Downtown_Trolley_Stops
37.97869,-87.57501,Downtown_Trolley_Stops
37.98009,-87.57497,Downtown_Trolley_Stops
37.98095,-87.56386,Downtown_Trolley_Stops
37.98279,-87.56383,Downtown_Trolley_Stops
37.9847,-87.56378,Downtown_Trolley_Stops
37.98645,-87.56375,Downtown_Trolley_Stops
37.98722,-87.56369,Downtown_Trolley_Stops
37.9882,-87.56369,Downtown_Trolley_Stops
37.98936,-87.56368,Downtown_Trolley_Stops
37.99022,-87.56364,Downtown_Trolley_Stops
37.9911,-87.56364,Downtown_Trolley_Stops
37.99217,-87.56353,Downtown_Trolley_Stops
37.9922,-87.56133,Downtown_Trolley_Stops
37.99134,-87.56373,Downtown_Trolley_Stops
37.99041,-87.56371,Downtown_Trolley_Stops
37.98758,-87.56379,Downtown_Trolley_Stops
37.98671,-87.56382,Downtown_Trolley_Stops
37.98579,-87.56385,Downtown_Trolley_Stops
37.98489,-87.56386,Downtown_Trolley_Stops
37.98399,-87.56388,Downtown_Trolley_Stops
37.98031,-87.56397,Downtown_Trolley_Stops
37.97944,-87.56396,Downtown_Trolley_Stops
37.97413,-87.56964,Downtown_Trolley_Stops
37.97413,-87.56964,Downtown_Trolley_Stops
37.96388,-87.56607,Downtown_Trolley_Stops
37.99217,-87.56353,Downtown_Trolley_Stops
37.96397,-87.49286,Covert_Stops
37.96462,-87.49114,Covert_Stops
37.96537,-87.49116,Covert_Stops
37.9664,-87.49246,Covert_Stops
37.96251,-87.4928,Covert_Stops
37.96314,-87.49119,Covert_Stops
37.96248,-87.49435,Covert_Stops
37.96247,-87.4962,Covert_Stops
37.96245,-87.4984,Covert_Stops
37.96041,-87.56534,Covert_Stops
37.96199,-87.56629,Covert_Stops
37.96112,-87.56593,Covert_Stops
37.97183,-87.57125,Covert_Stops
37.96997,-87.56994,Covert_Stops
37.9683,-87.56856,Covert_Stops
37.96661,-87.56717,Covert_Stops
37.96388,-87.56607,Covert_Stops
37.96272,-87.5668,Covert_Stops
37.96045,-87.56411,Covert_Stops
37.96036,-87.54794,Covert_Stops
37.95841,-87.54796,Covert_Stops
37.9566,-87.54802,Covert_Stops
37.95551,-87.54536,Covert_Stops
37.9555,-87.54361,Covert_Stops
37.9555,-87.54051,Covert_Stops
37.95547,-87.53897,Covert_Stops
37.95546,-87.53455,Covert_Stops
37.95547,-87.53152,Covert_Stops
37.95557,-87.53151,Covert_Stops
37.9552,-87.52718,Covert_Stops
37.95509,-87.52069,Covert_Stops
37.95503,-87.51629,Covert_Stops
37.95502,-87.51331,Covert_Stops
37.95497,-87.51009,Covert_Stops
37.95491,-87.5068,Covert_Stops
37.95493,-87.5033,Covert_Stops
37.95495,-87.50098,Covert_Stops
37.95541,-87.49739,Covert_Stops
37.95687,-87.49749,Covert_Stops
37.95777,-87.49734,Covert_Stops
37.96226,-87.49839,Covert_Stops
37.96234,-87.49651,Covert_Stops
37.96231,-87.49426,Covert_Stops
37.96228,-87.49286,Covert_Stops
37.95516,-87.50201,Covert_Stops
37.95513,-87.50347,Covert_Stops
37.95513,-87.50656,Covert_Stops
37.95519,-87.50931,Covert_Stops
37.95513,-87.51314,Covert_Stops
37.95525,-87.51571,Covert_Stops
37.95523,-87.52029,Covert_Stops
37.95531,-87.52363,Covert_Stops
37.95536,-87.52825,Covert_Stops
37.95559,-87.537,Covert_Stops
37.95557,-87.53865,Covert_Stops
37.95563,-87.54571,Covert_Stops
37.95561,-87.54781,Covert_Stops
37.9573,-87.54787,Covert_Stops
37.95893,-87.54783,Covert_Stops
37.96043,-87.54879,Covert_Stops
37.96044,-87.55232,Covert_Stops
37.96052,-87.55688,Covert_Stops
37.96056,-87.56537,Covert_Stops
37.96282,-87.5661,Covert_Stops
37.96567,-87.56617,Covert_Stops
37.96652,-87.56689,Covert_Stops
37.96053,-87.55945,Covert_Stops
37.96046,-87.55963,Covert_Stops
37.96045,-87.55715,Covert_Stops
37.97068,-87.57051,Covert_Stops
37.97413,-87.56964,Covert_Stops
37.97413,-87.56964,Covert_Stops
37.96247,-87.49976,Covert_Stops
37.95898,-87.49994,Covert_Stops
37.978786,-87.4074259,WATS
37.9769557,-87.3964632,WATS
37.9779996,-87.3939226,WATS
37.9547391,-87.4422059,WATS
37.9754131,-87.3915454,WATS
37.9569404,-87.3804291,WATS
37.9532282,-87.3801744,WATS
37.9527199,-87.3953359,WATS
37.946162, -87.401035, WATS
37.9492296,-87.4083882,WATS
37.9486599,-87.4158005,WATS
37.9727788,-87.4440517,WATS
37.974817,-87.4468949,WATS
37.9786703,-87.4415987,WATS
37.9753547,-87.464415,WATS
37.9730117,-87.4100383,WATS
37.9585978,-87.4513268,WATS
37.9460855,-87.4588948,WATS
37.9453884,-87.407413,WATS
37.9625609,-87.3979326,WATS
37.975037,-87.393728,WATS
37.974528,-87.4036423,WATS
37.9738183,-87.4066767,WATS
38.0420417,-87.3705228,WATS
38.0420576,-87.3673225,WATS
38.049805,-87.3093077,WATS
38.048879,-87.356986,WATS
38.0460805,-87.3714856,WATS
38.041106,-87.374483,WATS
38.0475662,-87.2768239,WATS
38.047076,-87.272033,WATS
38.0414207,-87.2724862,WATS
38.039281,-87.265295,WATS
38.0397631,-87.2651691,WATS
38.0403795,-87.2639359,WATS
38.0389463,-87.2601859,WATS
38.0405066,-87.2503621,WATS
38.0498102,-87.2644254,WATS
38.0545697,-87.2748764,WATS
38.0585278,-87.272676,WATS
38.050985,-87.275511,WATS
38.0497543,-87.2833794,WATS
38.0481517,-87.2871479,WATS